{
  "model": "D:\\PracticeProject\\Stm32\\stm32n6_thermal_256x192\\yolo\\pc_runs\\common9_yolov8n_320_w0\\weights\\best_saved_model\\best_float32.tflite",
  "dataset": "D:\\PracticeProject\\Stm32\\stm32n6_thermal_256x192\\yolo\\PCB-dataset-common9\\dataset.yaml",
  "split": "test",
  "imgsz": 320,
  "precision": 0.6991286791274928,
  "recall": 0.4051284001245194,
  "map50": 0.45979708137549213,
  "map75": 0.252035049895358,
  "map50_95": 0.2544695662350294,
  "per_class": {
    "capacitor": {
      "precision": 0.7719301825604967,
      "recall": 0.2885917709774694,
      "map50": 0.3975830476944904,
      "map50_95": 0.2149069183391398
    },
    "resistor": {
      "precision": 0.758065018846022,
      "recall": 0.4323076923076923,
      "map50": 0.4971989213089747,
      "map50_95": 0.276718123058952
    },
    "ic": {
      "precision": 0.6705201681509936,
      "recall": 0.5758754863813229,
      "map50": 0.5931632727616549,
      "map50_95": 0.3621992027712039
    },
    "connector": {
      "precision": 0.6830606614502333,
      "recall": 0.42543859649122806,
      "map50": 0.478156592545312,
      "map50_95": 0.266874667566446
    },
    "diode": {
      "precision": 0.7134266534260042,
      "recall": 0.43956043956043955,
      "map50": 0.4773572318470798,
      "map50_95": 0.27258415683133425
    },
    "transistor": {
      "precision": 0.8280012713783738,
      "recall": 0.33766233766233766,
      "map50": 0.46423965723553073,
      "map50_95": 0.18479833096891224
    },
    "led": {
      "precision": 0.6785390815034604,
      "recall": 0.2920353982300885,
      "map50": 0.3266511589073992,
      "map50_95": 0.15483381476973337
    },
    "inductor": {
      "precision": 0.4830593195202114,
      "recall": 0.17543859649122806,
      "map50": 0.2047933734764027,
      "map50_95": 0.1498186745792776
    },
    "switch": {
      "precision": 0.705555755311639,
      "recall": 0.6792452830188679,
      "map50": 0.6990304766025843,
      "map50_95": 0.4074922072302655
    }
  }
}
