{
  "model": "D:\\PracticeProject\\Stm32\\stm32n6_thermal_256x192\\yolo\\pc_runs\\common9_yolov8n_320_w0\\weights\\best_saved_model\\best_full_integer_quant.tflite",
  "dataset": "D:\\PracticeProject\\Stm32\\stm32n6_thermal_256x192\\yolo\\PCB-dataset-common9\\dataset.yaml",
  "split": "test",
  "imgsz": 320,
  "precision": 0.5548820031852905,
  "recall": 0.36057174007491427,
  "map50": 0.3787061267522059,
  "map75": 0.15235550301804557,
  "map50_95": 0.18047752381261759,
  "per_class": {
    "capacitor": {
      "precision": 0.5282536156606288,
      "recall": 0.20718025430067316,
      "map50": 0.2421122382325517,
      "map50_95": 0.08579270039190363
    },
    "resistor": {
      "precision": 0.47858791595298816,
      "recall": 0.3148998343009193,
      "map50": 0.30453554879029743,
      "map50_95": 0.08982190480994842
    },
    "ic": {
      "precision": 0.49291318493353464,
      "recall": 0.5162836276093289,
      "map50": 0.4724401014772555,
      "map50_95": 0.23513252478858618
    },
    "connector": {
      "precision": 0.6306461209294347,
      "recall": 0.37719298245614036,
      "map50": 0.4297445992028642,
      "map50_95": 0.21777485336630784
    },
    "diode": {
      "precision": 0.546474648071869,
      "recall": 0.42857142857142855,
      "map50": 0.40406246328925627,
      "map50_95": 0.1903204683253634
    },
    "transistor": {
      "precision": 0.7106959795478355,
      "recall": 0.2987012987012987,
      "map50": 0.40743371771344367,
      "map50_95": 0.1556843803250348
    },
    "led": {
      "precision": 0.46960571448991206,
      "recall": 0.23008849557522124,
      "map50": 0.22532602710210559,
      "map50_95": 0.09133404047793661
    },
    "inductor": {
      "precision": 0.4745764198837749,
      "recall": 0.19298245614035087,
      "map50": 0.2039833390055844,
      "map50_95": 0.15205704326009334
    },
    "switch": {
      "precision": 0.662184429197636,
      "recall": 0.6792452830188679,
      "map50": 0.7187171059564941,
      "map50_95": 0.40637979856838397
    }
  }
}
