{
  "model": "D:\\PracticeProject\\Stm32\\stm32n6_thermal_256x192\\yolo\\pc_runs\\common9_yolov8n_320_w0\\weights\\best_saved_model_per_channel\\best_full_integer_quant.tflite",
  "dataset": "D:\\PracticeProject\\Stm32\\stm32n6_thermal_256x192\\yolo\\PCB-dataset-common9\\dataset.yaml",
  "split": "test",
  "imgsz": 320,
  "precision": 0.5333888404192317,
  "recall": 0.37116028146334223,
  "map50": 0.3715030634727898,
  "map75": 0.1435695775445491,
  "map50_95": 0.1767944037182477,
  "per_class": {
    "capacitor": {
      "precision": 0.5063315318345177,
      "recall": 0.2206432311144353,
      "map50": 0.2432408423922957,
      "map50_95": 0.08749915393834917
    },
    "resistor": {
      "precision": 0.46439845178967926,
      "recall": 0.3292307692307692,
      "map50": 0.2949919098192277,
      "map50_95": 0.08786954505424568
    },
    "ic": {
      "precision": 0.5041174175322954,
      "recall": 0.5214007782101168,
      "map50": 0.4702052415794149,
      "map50_95": 0.23784353241200046
    },
    "connector": {
      "precision": 0.5926070219525907,
      "recall": 0.41228070175438597,
      "map50": 0.4352445362156498,
      "map50_95": 0.2216852019090858
    },
    "diode": {
      "precision": 0.522651850899418,
      "recall": 0.42857142857142855,
      "map50": 0.43249770422429734,
      "map50_95": 0.19948844021267872
    },
    "transistor": {
      "precision": 0.5731683242843586,
      "recall": 0.3246753246753247,
      "map50": 0.32409940036742035,
      "map50_95": 0.1314626455507646
    },
    "led": {
      "precision": 0.44354525082637253,
      "recall": 0.23008849557522124,
      "map50": 0.23990988465370433,
      "map50_95": 0.0969258102391142
    },
    "inductor": {
      "precision": 0.46271382644675885,
      "recall": 0.17543859649122806,
      "map50": 0.18089149101785115,
      "map50_95": 0.13203835406407521
    },
    "switch": {
      "precision": 0.730965888207094,
      "recall": 0.6981132075471698,
      "map50": 0.7224465609852466,
      "map50_95": 0.3963369500839152
    }
  }
}
