{
  "model": "D:\\PracticeProject\\Stm32\\stm32n6_thermal_256x192\\yolo\\pc_runs\\common9_yolov8n_320_w0\\weights\\best_saved_model\\best_integer_quant.tflite",
  "dataset": "D:\\PracticeProject\\Stm32\\stm32n6_thermal_256x192\\yolo\\PCB-dataset-common9\\dataset.yaml",
  "split": "test",
  "imgsz": 320,
  "precision": 0.5607963154364715,
  "recall": 0.3602114373009597,
  "map50": 0.3817971958156509,
  "map75": 0.1530393958738608,
  "map50_95": 0.18110775909134402,
  "per_class": {
    "capacitor": {
      "precision": 0.5256277075311401,
      "recall": 0.2131637995512341,
      "map50": 0.24394155223286582,
      "map50_95": 0.0850090517001408
    },
    "resistor": {
      "precision": 0.47344551693704595,
      "recall": 0.3140070496824299,
      "map50": 0.29920928369629374,
      "map50_95": 0.08769191266139889
    },
    "ic": {
      "precision": 0.5039690519362641,
      "recall": 0.5198621879127605,
      "map50": 0.4718703651872223,
      "map50_95": 0.23877959567712193
    },
    "connector": {
      "precision": 0.637595264965729,
      "recall": 0.37811037099631084,
      "map50": 0.43660143105477167,
      "map50_95": 0.21641562185568225
    },
    "diode": {
      "precision": 0.5412578965166926,
      "recall": 0.4175824175824176,
      "map50": 0.4129772357595098,
      "map50_95": 0.1917251523451387
    },
    "transistor": {
      "precision": 0.751584580205749,
      "recall": 0.3144047348981672,
      "map50": 0.39037482691773345,
      "map50_95": 0.14994240843659248
    },
    "led": {
      "precision": 0.4796504110215048,
      "recall": 0.23008849557522124,
      "map50": 0.24248402932126104,
      "map50_95": 0.09617572378767858
    },
    "inductor": {
      "precision": 0.4309933951601653,
      "recall": 0.17543859649122806,
      "map50": 0.2040296935038915,
      "map50_95": 0.15284950009129453
    },
    "switch": {
      "precision": 0.7030430146539519,
      "recall": 0.6792452830188679,
      "map50": 0.734686344667309,
      "map50_95": 0.4113808652670475
    }
  }
}
